shape,unix_time,other_cpu_percent,largest_other_cpu_percent,largest_other_command
4,1789158198.440404,252.1,88.0,/Users/joshmorgan/.vscode/extensions/ms-vscode.cpptools-1.34.4-darwin-arm64/bin/cpptools-srv
4,1789158200.474776,328.9,99.7,/Users/joshmorgan/.vscode/extensions/ms-vscode.cpptools-1.34.4-darwin-arm64/bin/cpptools
4,1789158202.508509,183.4,105.0,/Users/joshmorgan/.vscode/extensions/ms-vscode.cpptools-1.34.4-darwin-arm64/bin/cpptools
4,1789158204.542302,255.6,102.6,/Users/joshmorgan/.vscode/extensions/ms-vscode.cpptools-1.34.4-darwin-arm64/bin/cpptools
4,1789158206.574344,306.3,111.3,/Users/joshmorgan/.vscode/extensions/ms-vscode.cpptools-1.34.4-darwin-arm64/bin/cpptools
4,1789158208.610755,279.4,104.9,/Users/joshmorgan/.vscode/extensions/ms-vscode.cpptools-1.34.4-darwin-arm64/bin/cpptools
4,1789158210.644984,276.2,103.0,/Users/joshmorgan/.vscode/extensions/ms-vscode.cpptools-1.34.4-darwin-arm64/bin/cpptools
4,1789158212.677239,228.7,102.7,/Users/joshmorgan/.vscode/extensions/ms-vscode.cpptools-1.34.4-darwin-arm64/bin/cpptools
4,1789158214.711849,251.5,104.4,/Users/joshmorgan/.vscode/extensions/ms-vscode.cpptools-1.34.4-darwin-arm64/bin/cpptools
4,1789158216.747262,272.2,99.5,/Users/joshmorgan/.vscode/extensions/ms-vscode.cpptools-1.34.4-darwin-arm64/bin/cpptools
8,1789158218.7823842,187.20000000000002,100.9,/Users/joshmorgan/.vscode/extensions/ms-vscode.cpptools-1.34.4-darwin-arm64/bin/cpptools
8,1789158220.820371,203.1,100.2,/Users/joshmorgan/.vscode/extensions/ms-vscode.cpptools-1.34.4-darwin-arm64/bin/cpptools
8,1789158222.857991,238.6,102.0,/Users/joshmorgan/.vscode/extensions/ms-vscode.cpptools-1.34.4-darwin-arm64/bin/cpptools
8,1789158224.896872,181.4,99.1,/Users/joshmorgan/.vscode/extensions/ms-vscode.cpptools-1.34.4-darwin-arm64/bin/cpptools
8,1789158226.930999,139.4,99.6,/Users/joshmorgan/.vscode/extensions/ms-vscode.cpptools-1.34.4-darwin-arm64/bin/cpptools
8,1789158228.973155,154.4,99.6,/Users/joshmorgan/.vscode/extensions/ms-vscode.cpptools-1.34.4-darwin-arm64/bin/cpptools
8,1789158231.0058591,170.1,104.2,/Users/joshmorgan/.vscode/extensions/ms-vscode.cpptools-1.34.4-darwin-arm64/bin/cpptools
8,1789158233.048503,312.3,98.5,/Users/joshmorgan/.vscode/extensions/ms-vscode.cpptools-1.34.4-darwin-arm64/bin/cpptools
8,1789158235.081502,264.0,101.8,/Users/joshmorgan/.vscode/extensions/ms-vscode.cpptools-1.34.4-darwin-arm64/bin/cpptools
8,1789158237.122331,288.0,102.3,/Users/joshmorgan/.vscode/extensions/ms-vscode.cpptools-1.34.4-darwin-arm64/bin/cpptools
8,1789158239.161023,230.20000000000002,99.4,/Users/joshmorgan/.vscode/extensions/ms-vscode.cpptools-1.34.4-darwin-arm64/bin/cpptools
8,1789158241.19535,303.7,100.9,/Users/joshmorgan/.vscode/extensions/ms-vscode.cpptools-1.34.4-darwin-arm64/bin/cpptools
8,1789158243.233492,230.79999999999998,99.1,/Users/joshmorgan/.vscode/extensions/ms-vscode.cpptools-1.34.4-darwin-arm64/bin/cpptools
