variant,pair,operation,threads,capacity,operations,seconds,million_ops_s,checksum
before,0,append,1,8192,65536,0.001711291,38.296234,0
before,0,find_hit,1,8192,16384,0.058536043,0.279896,125199360
before,0,find_miss,1,8192,16384,0.078117416,0.209736,18446744073709533184
before,0,get_hit,1,8192,16384,0.053050039,0.308840,125199360
after,0,append,1,8192,65536,0.002894042,22.645145,0
after,0,find_hit,1,8192,16384,0.000146208,112.059532,125199360
after,0,find_miss,1,8192,16384,0.000053875,304.111369,18446744073709533184
after,0,get_hit,1,8192,16384,0.000354749,46.184767,125199360
before,0,append,1,65536,524288,0.020872668,25.118399,0
before,0,find_hit,1,65536,16384,0.352705333,0.046452,653394944
before,0,find_miss,1,65536,16384,0.616646833,0.026570,18446744073709533184
before,0,get_hit,1,65536,16384,0.263400709,0.062202,653394944
after,0,append,1,65536,524288,0.027419417,19.121048,0
after,0,find_hit,1,65536,16384,0.000296208,55.312483,653394944
after,0,find_miss,1,65536,16384,0.000034667,472.610840,18446744073709533184
after,0,get_hit,1,65536,16384,0.000605416,27.062384,653394944
before,0,append,2,8192,65536,0.006512708,10.062788,0
before,0,find_hit,2,8192,32768,0.085495666,0.383271,243376128
before,0,find_miss,2,8192,32768,0.083942206,0.390364,18446744073709514752
before,0,get_hit,2,8192,32768,0.063224167,0.518283,243376128
after,0,append,2,8192,65536,0.007013957,9.343656,0
after,0,find_hit,2,8192,32768,0.000152959,214.227342,243376128
after,0,find_miss,2,8192,32768,0.000046834,699.662638,18446744073709514752
after,0,get_hit,2,8192,32768,0.000953416,34.369048,243376128
before,0,append,2,65536,524288,0.047923541,10.940093,0
before,0,find_hit,2,65536,32768,0.416246167,0.078723,1299824640
before,0,find_miss,2,65536,32768,0.723512625,0.045290,18446744073709514752
before,0,get_hit,2,65536,32768,0.310496082,0.105534,1299824640
after,0,append,2,65536,524288,0.046368875,11.306895,0
after,0,find_hit,2,65536,32768,0.000331792,98.760669,1299824640
after,0,find_miss,2,65536,32768,0.000040543,808.228301,18446744073709514752
after,0,get_hit,2,65536,32768,0.001550707,21.131007,1299824640
before,0,append,8,8192,65536,0.010052875,6.519130,0
before,0,find_hit,8,8192,131072,0.121170750,1.081713,804962304
before,0,find_miss,8,8192,131072,0.100165960,1.308548,18446744073709404160
before,0,get_hit,8,8192,131072,0.070662167,1.854911,804962304
after,0,append,8,8192,65536,0.007999625,8.192384,0
after,0,find_hit,8,8192,131072,0.000183459,714.448460,804962304
after,0,find_miss,8,8192,131072,0.000053875,2432.890951,18446744073709404160
after,0,get_hit,8,8192,131072,0.006637919,19.745947,804962304
before,0,append,8,65536,524288,0.071777041,7.304397,0
before,0,find_hit,8,65536,131072,0.491365208,0.266751,5030756352
before,0,find_miss,8,65536,131072,0.836939585,0.156609,18446744073709404160
before,0,get_hit,8,65536,131072,0.357548747,0.366585,5030756352
after,0,append,8,65536,524288,0.056929125,9.209486,0
after,0,find_hit,8,65536,131072,0.000446873,293.309285,5030756352
after,0,find_miss,8,65536,131072,0.000046875,2796.202667,18446744073709404160
after,0,get_hit,8,65536,131072,0.013287499,9.864309,5030756352
after,1,append,1,8192,65536,0.002780459,23.570209,0
after,1,find_hit,1,8192,16384,0.000144291,113.548316,125199360
after,1,find_miss,1,8192,16384,0.000037999,431.169241,18446744073709533184
after,1,get_hit,1,8192,16384,0.000302625,54.139612,125199360
before,1,append,1,8192,65536,0.002706082,24.218039,0
before,1,find_hit,1,8192,16384,0.056945499,0.287714,125199360
before,1,find_miss,1,8192,16384,0.079798081,0.205318,18446744073709533184
before,1,get_hit,1,8192,16384,0.049352583,0.331979,125199360
after,1,append,1,65536,524288,0.025327585,20.700276,0
after,1,find_hit,1,65536,16384,0.000281209,58.262716,653394944
after,1,find_miss,1,65536,16384,0.000035833,457.232160,18446744073709533184
after,1,get_hit,1,65536,16384,0.000575376,28.475293,653394944
before,1,append,1,65536,524288,0.018027251,29.083081,0
before,1,find_hit,1,65536,16384,0.346436334,0.047293,653394944
before,1,find_miss,1,65536,16384,0.549255584,0.029829,18446744073709533184
before,1,get_hit,1,65536,16384,0.343548584,0.047690,653394944
after,1,append,2,8192,65536,0.005620541,11.660088,0
after,1,find_hit,2,8192,32768,0.000172042,190.465119,243376128
after,1,find_miss,2,8192,32768,0.000059375,551.882105,18446744073709514752
after,1,get_hit,2,8192,32768,0.000904791,36.216099,243376128
before,1,append,2,8192,65536,0.006720833,9.751172,0
before,1,find_hit,2,8192,32768,0.082263542,0.398330,243376128
before,1,find_miss,2,8192,32768,0.079549833,0.411918,18446744073709514752
before,1,get_hit,2,8192,32768,0.068396209,0.479091,243376128
after,1,append,2,65536,524288,0.039784874,13.178074,0
after,1,find_hit,2,65536,32768,0.000318916,102.748059,1299824640
after,1,find_miss,2,65536,32768,0.000040624,806.616778,18446744073709514752
after,1,get_hit,2,65536,32768,0.001542167,21.248023,1299824640
before,1,append,2,65536,524288,0.051192791,10.241442,0
before,1,find_hit,2,65536,32768,0.319419999,0.102586,1299824640
before,1,find_miss,2,65536,32768,0.502052291,0.065268,18446744073709514752
before,1,get_hit,2,65536,32768,0.320446959,0.102257,1299824640
after,1,append,8,8192,65536,0.008742584,7.496182,0
after,1,find_hit,8,8192,131072,0.000188958,693.656791,804962304
after,1,find_miss,8,8192,131072,0.000055501,2361.615106,18446744073709404160
after,1,get_hit,8,8192,131072,0.006546292,20.022327,804962304
before,1,append,8,8192,65536,0.009580583,6.840502,0
before,1,find_hit,8,8192,131072,0.127277666,1.029811,804962304
before,1,find_miss,8,8192,131072,0.084123752,1.558086,18446744073709404160
before,1,get_hit,8,8192,131072,0.082048458,1.597495,804962304
after,1,append,8,65536,524288,0.061267001,8.557429,0
after,1,find_hit,8,65536,131072,0.000424667,308.646540,5030756352
after,1,find_miss,8,65536,131072,0.000050956,2572.258419,18446744073709404160
after,1,get_hit,8,65536,131072,0.013362250,9.809126,5030756352
before,1,append,8,65536,524288,0.086897124,6.033433,0
before,1,find_hit,8,65536,131072,0.570635000,0.229695,5030756352
before,1,find_miss,8,65536,131072,0.569322208,0.230225,18446744073709404160
before,1,get_hit,8,65536,131072,0.358686583,0.365422,5030756352
before,2,append,1,8192,65536,0.002266999,28.908703,0
before,2,find_hit,1,8192,16384,0.060611543,0.270312,125199360
before,2,find_miss,1,8192,16384,0.080689959,0.203049,18446744073709533184
before,2,get_hit,1,8192,16384,0.051626001,0.317359,125199360
after,2,append,1,8192,65536,0.003209000,20.422562,0
after,2,find_hit,1,8192,16384,0.000139959,117.062854,125199360
after,2,find_miss,1,8192,16384,0.000038251,428.328671,18446744073709533184
after,2,get_hit,1,8192,16384,0.000307708,53.245284,125199360
before,2,append,1,65536,524288,0.017934542,29.233420,0
before,2,find_hit,1,65536,16384,0.327524250,0.050024,653394944
before,2,find_miss,1,65536,16384,0.553482668,0.029602,18446744073709533184
before,2,get_hit,1,65536,16384,0.308996083,0.053023,653394944
after,2,append,1,65536,524288,0.024596416,21.315626,0
after,2,find_hit,1,65536,16384,0.000294166,55.696444,653394944
after,2,find_miss,1,65536,16384,0.000032417,505.413826,18446744073709533184
after,2,get_hit,1,65536,16384,0.000585083,28.002865,653394944
before,2,append,2,8192,65536,0.006826460,9.600291,0
before,2,find_hit,2,8192,32768,0.078953500,0.415029,243376128
before,2,find_miss,2,8192,32768,0.075246041,0.435478,18446744073709514752
before,2,get_hit,2,8192,32768,0.067930042,0.482379,243376128
after,2,append,2,8192,65536,0.006294916,10.410941,0
after,2,find_hit,2,8192,32768,0.000149918,218.572820,243376128
after,2,find_miss,2,8192,32768,0.000046709,701.535036,18446744073709514752
after,2,get_hit,2,8192,32768,0.000871125,37.615727,243376128
before,2,append,2,65536,524288,0.046898710,11.179156,0
before,2,find_hit,2,65536,32768,0.321507542,0.101920,1299824640
before,2,find_miss,2,65536,32768,0.536605290,0.061065,18446744073709514752
before,2,get_hit,2,65536,32768,0.316749958,0.103451,1299824640
after,2,append,2,65536,524288,0.042580416,12.312891,0
after,2,find_hit,2,65536,32768,0.000328164,99.852513,1299824640
after,2,find_miss,2,65536,32768,0.000040333,812.436466,18446744073709514752
after,2,get_hit,2,65536,32768,0.001642166,19.954134,1299824640
before,2,append,8,8192,65536,0.009687206,6.765212,0
before,2,find_hit,8,8192,131072,0.129744583,1.010231,804962304
before,2,find_miss,8,8192,131072,0.085101251,1.540189,18446744073709404160
before,2,get_hit,8,8192,131072,0.087354250,1.500465,804962304
after,2,append,8,8192,65536,0.008722835,7.513154,0
after,2,find_hit,8,8192,131072,0.000182166,719.519559,804962304
after,2,find_miss,8,8192,131072,0.000055790,2349.381610,18446744073709404160
after,2,get_hit,8,8192,131072,0.007243541,18.095017,804962304
before,2,append,8,65536,524288,0.082198418,6.378322,0
before,2,find_hit,8,65536,131072,0.586345126,0.223541,5030756352
before,2,find_miss,8,65536,131072,0.529066416,0.247742,18446744073709404160
before,2,get_hit,8,65536,131072,0.338266459,0.387482,5030756352
after,2,append,8,65536,524288,0.070074123,7.481906,0
after,2,find_hit,8,65536,131072,0.000403041,325.207609,5030756352
after,2,find_miss,8,65536,131072,0.000066710,1964.802878,18446744073709404160
after,2,get_hit,8,65536,131072,0.014609335,8.971798,5030756352
after,3,append,1,8192,65536,0.002953084,22.192393,0
after,3,find_hit,1,8192,16384,0.000135667,120.766288,125199360
after,3,find_miss,1,8192,16384,0.000043958,372.719414,18446744073709533184
after,3,get_hit,1,8192,16384,0.000348792,46.973554,125199360
before,3,append,1,8192,65536,0.002630084,24.917835,0
before,3,find_hit,1,8192,16384,0.062786457,0.260948,125199360
before,3,find_miss,1,8192,16384,0.076512457,0.214135,18446744073709533184
before,3,get_hit,1,8192,16384,0.060518959,0.270725,125199360
after,3,append,1,65536,524288,0.026367918,19.883557,0
after,3,find_hit,1,65536,16384,0.000302501,54.161804,653394944
after,3,find_miss,1,65536,16384,0.000037501,436.895016,18446744073709533184
after,3,get_hit,1,65536,16384,0.001418790,11.547868,653394944
before,3,append,1,65536,524288,0.016454416,31.863057,0
before,3,find_hit,1,65536,16384,0.333343501,0.049151,653394944
before,3,find_miss,1,65536,16384,0.577340751,0.028378,18446744073709533184
before,3,get_hit,1,65536,16384,0.339802960,0.048216,653394944
after,3,append,2,8192,65536,0.006321542,10.367091,0
after,3,find_hit,2,8192,32768,0.000164292,199.449760,243376128
after,3,find_miss,2,8192,32768,0.000049084,667.590253,18446744073709514752
after,3,get_hit,2,8192,32768,0.000934792,35.053787,243376128
before,3,append,2,8192,65536,0.006990916,9.374451,0
before,3,find_hit,2,8192,32768,0.079838125,0.410430,243376128
before,3,find_miss,2,8192,32768,0.079803291,0.410610,18446744073709514752
before,3,get_hit,2,8192,32768,0.074297292,0.441039,243376128
after,3,append,2,65536,524288,0.041272332,12.703135,0
after,3,find_hit,2,65536,32768,0.000434749,75.372226,1299824640
after,3,find_miss,2,65536,32768,0.000039417,831.316437,18446744073709514752
after,3,get_hit,2,65536,32768,0.001589667,20.613122,1299824640
before,3,append,2,65536,524288,0.054611375,9.600344,0
before,3,find_hit,2,65536,32768,0.326677041,0.100307,1299824640
before,3,find_miss,2,65536,32768,0.553087499,0.059246,18446744073709514752
before,3,get_hit,2,65536,32768,0.321463167,0.101934,1299824640
after,3,append,8,8192,65536,0.008985251,7.293731,0
after,3,find_hit,8,8192,131072,0.000196041,668.594835,804962304
after,3,find_miss,8,8192,131072,0.000053500,2449.943925,18446744073709404160
after,3,get_hit,8,8192,131072,0.007215291,18.165865,804962304
before,3,append,8,8192,65536,0.012189503,5.376429,0
before,3,find_hit,8,8192,131072,0.127089791,1.031334,804962304
before,3,find_miss,8,8192,131072,0.085284667,1.536876,18446744073709404160
before,3,get_hit,8,8192,131072,0.067731042,1.935184,804962304
after,3,append,8,65536,524288,0.059528708,8.807314,0
after,3,find_hit,8,65536,131072,0.000462998,283.094095,5030756352
after,3,find_miss,8,65536,131072,0.000048833,2684.086581,18446744073709404160
after,3,get_hit,8,65536,131072,0.013752959,9.530458,5030756352
before,3,append,8,65536,524288,0.082519541,6.353501,0
before,3,find_hit,8,65536,131072,0.542534251,0.241592,5030756352
before,3,find_miss,8,65536,131072,0.555672001,0.235880,18446744073709404160
before,3,get_hit,8,65536,131072,0.339649500,0.385904,5030756352
before,4,append,1,8192,65536,0.003041624,21.546384,0
before,4,find_hit,1,8192,16384,0.067089167,0.244212,125199360
before,4,find_miss,1,8192,16384,0.074305042,0.220496,18446744073709533184
before,4,get_hit,1,8192,16384,0.060908166,0.268995,125199360
after,4,append,1,8192,65536,0.002902998,22.575283,0
after,4,find_hit,1,8192,16384,0.000139292,117.623410,125199360
after,4,find_miss,1,8192,16384,0.000080668,203.104081,18446744073709533184
after,4,get_hit,1,8192,16384,0.000354084,46.271506,125199360
before,4,append,1,65536,524288,0.018361082,28.554309,0
before,4,find_hit,1,65536,16384,0.325978582,0.050261,653394944
before,4,find_miss,1,65536,16384,0.547840081,0.029907,18446744073709533184
before,4,get_hit,1,65536,16384,0.313013041,0.052343,653394944
after,4,append,1,65536,524288,0.025125874,20.866458,0
after,4,find_hit,1,65536,16384,0.000295333,55.476361,653394944
after,4,find_miss,1,65536,16384,0.000035000,468.114286,18446744073709533184
after,4,get_hit,1,65536,16384,0.000674125,24.304098,653394944
before,4,append,2,8192,65536,0.007435166,8.814329,0
before,4,find_hit,2,8192,32768,0.080255624,0.408295,243376128
before,4,find_miss,2,8192,32768,0.082438666,0.397483,18446744073709514752
before,4,get_hit,2,8192,32768,0.066829584,0.490322,243376128
after,4,append,2,8192,65536,0.006170126,10.621501,0
after,4,find_hit,2,8192,32768,0.000150583,217.607565,243376128
after,4,find_miss,2,8192,32768,0.000053751,609.625867,18446744073709514752
after,4,get_hit,2,8192,32768,0.000921999,35.540169,243376128
before,4,append,2,65536,524288,0.054711292,9.582812,0
before,4,find_hit,2,65536,32768,0.334546792,0.097947,1299824640
before,4,find_miss,2,65536,32768,0.519670418,0.063055,18446744073709514752
before,4,get_hit,2,65536,32768,0.318800458,0.102785,1299824640
after,4,append,2,65536,524288,0.043768750,11.978592,0
after,4,find_hit,2,65536,32768,0.000816707,40.122100,1299824640
after,4,find_miss,2,65536,32768,0.000040709,804.932570,18446744073709514752
after,4,get_hit,2,65536,32768,0.001609457,20.359662,1299824640
before,4,append,8,8192,65536,0.010323500,6.348235,0
before,4,find_hit,8,8192,131072,0.129211665,1.014398,804962304
before,4,find_miss,8,8192,131072,0.194427459,0.674143,18446744073709404160
before,4,get_hit,8,8192,131072,0.180393793,0.726588,804962304
after,4,append,8,8192,65536,0.009412834,6.962409,0
after,4,find_hit,8,8192,131072,0.002791125,46.960276,804962304
after,4,find_miss,8,8192,131072,0.003334000,39.313737,18446744073709404160
after,4,get_hit,8,8192,131072,0.007295999,17.964915,804962304
before,4,append,8,65536,524288,0.108656457,4.825190,0
before,4,find_hit,8,65536,131072,0.753247583,0.174009,5030756352
before,4,find_miss,8,65536,131072,0.729323126,0.179717,18446744073709404160
before,4,get_hit,8,65536,131072,0.355812542,0.368374,5030756352
after,4,append,8,65536,524288,0.064160251,8.171539,0
after,4,find_hit,8,65536,131072,0.000385293,340.187857,5030756352
after,4,find_miss,8,65536,131072,0.000047502,2759.294346,18446744073709404160
after,4,get_hit,8,65536,131072,0.016812957,7.795892,5030756352
